{"cameraMode":{"drawMode":0,"name":"Shaded","section":"Shading Mode"},"sceneLighting":true,"audioPlay":false,"sceneViewState":{"m_AlwaysRefresh":false,"showFog":true,"showSkybox":true,"showFlares":true,"showImageEffects":true,"showParticleSystems":true,"showVisualEffectGraphs":true,"m_FxEnabled":true},"in2DMode":false,"pivot":{"x":14.70589828491211,"y":6.850193023681641,"z":-72.89228820800781},"rotation":{"x":0.5272037982940674,"y":0.034685008227825168,"z":-0.02154436893761158,"w":0.8487586379051209},"size":38.937828063964847,"orthographic":true}