{"cameraMode":{"drawMode":0,"name":"Shaded","section":"Shading Mode"},"sceneLighting":true,"audioPlay":false,"sceneViewState":{"m_AlwaysRefresh":false,"showFog":true,"showSkybox":true,"showFlares":true,"showImageEffects":true,"showParticleSystems":true,"showVisualEffectGraphs":true,"m_FxEnabled":true},"in2DMode":false,"pivot":{"x":13.844173431396485,"y":10.876304626464844,"z":0.8285007476806641},"rotation":{"x":-0.06733865290880203,"y":0.598347008228302,"z":-0.05056528374552727,"w":-0.796807050704956},"size":21.849441528320314,"orthographic":true}